ID,Education,Department,Job Status,Location,Start Date,Years,Salary,Job Rate,Permissions
8A78C6,Institute,FSL,Full Time,United Arab Emirates,2022-01-22,3,2371.0,7,3
1N28R7,Bachelor,FSL,Full Time,Saudi Arabia,2024-01-10,1,1711.0,9,2
9S94G5,Prof,NFI,Full Time,United Arab Emirates,2024-01-10,4,1899.0,8,4
9N59A9,Doctor,FSL,Full Time,Syria,,4,2139.0,7,8
1D69A7,Bachelor,FSL,Full Time,United Arab Emirates,,3,2181.0,7,11
4Z68N9,Academic,Health,Contract,Syria,2024-01-10,1,918.0,1,1
8X72N7,Doctor,Protection,Full Time,Syria,,7,1940.0,13,5
4G61Y3,Bachelor,M&E,Full Time,United Arab Emirates,,4,2237.0,9,12
2U29V4,Academic,IT,Part Time,United Arab Emirates,,0,1167.0,3,1
6K52P8,Institute,FSL,Contract,United Arab Emirates,2022-01-22,3,780.0,4,6
3Y34T1,Doctor,Finance,Contract,Egypt,2024-01-10,4,1043.0,5,10
3Y55O1,Academic,Finance,Contract,United Arab Emirates,,5,1078.0,5,5
2J19I4,Institute,IT,Part Time,United Arab Emirates,,0,1126.0,3,10
7C96O1,Institute,Wash,Full Time,Syria,2024-01-10,6,2406.0,4,13
4B29G5,Academic,Finance,Full Time,United Arab Emirates,2022-01-22,4,2210.0,6,10
2B14Y4,Academic,Protection,Contract,United Arab Emirates,,6,1043.0,3,1
3J97M9,Doctor,Finance,Full Time,Syria,,7,2355.0,10,10
3Y46Q1,Institute,Finance,Full Time,Egypt,2024-01-10,1,2461.0,12,3
9G76H4,Prof,FSL,Contract,Saudi Arabia,,6,836.0,3,4
9Y17H7,Academic,Finance,Full Time,Egypt,,1,2272.0,4,14
9A28W2,Institute,Protection,Contract,Syria,,7,1005.0,2,7
2U84I3,Academic,Supply chain,Full Time,United Arab Emirates,2022-01-22,7,2187.0,13,13
1C99E8,Bachelor,M&E,Contract,United Arab Emirates,,4,683.0,2,12
9D58S8,Institute,FSL,Full Time,Syria,2024-01-10,4,2360.0,5,7
6C49E6,Bachelor,Wash,Full Time,Saudi Arabia,2022-01-22,7,2092.0,12,5
4Q15D3,Bachelor,IT,Full Time,Saudi Arabia,,0,1873.0,12,8
7N93D2,Academic,IT,Contract,Syria,2024-01-10,2,1035.0,2,13
4K76W4,Prof,Protection,Full Time,United Arab Emirates,,1,2390.0,7,10
5H91S8,Institute,Finance,Full Time,Egypt,2022-01-22,7,1616.0,9,10
1F88Q3,Doctor,FSL,Contract,Syria,,6,937.0,4,10
9H26B9,Institute,HR,Full Time,Syria,,4,2306.0,13,3
7X17T6,Bachelor,Marketing,Full Time,United Arab Emirates,,0,2457.0,3,3
1V82O9,Institute,Logistics,Full Time,United Arab Emirates,2024-01-10,2,1861.0,9,14
3P11D9,Academic,Protection,Full Time,Syria,,7,2087.0,10,7
1E77L6,Institute,Emeergincy,Full Time,Syria,2022-01-22,0,1664.0,5,11
4D29W9,Institute,Emeergincy,Full Time,Egypt,,7,1788.0,8,10
4J29P5,Doctor,NFI,Contract,United Arab Emirates,,5,807.0,2,8
9J89V4,Academic,Protection,Full Time,Syria,2024-01-10,0,1682.0,6,5
9W53N8,Academic,IT,Part Time,Syria,2022-01-22,7,1041.0,5,9
5I21X2,Academic,Protection,Part Time,Syria,2024-01-10,7,1081.0,3,1
8K41F9,Doctor,Finance,Full Time,United Arab Emirates,,2,2181.0,12,13
5C55I7,Academic,Logistics,Part Time,United Arab Emirates,,0,1120.0,3,12
2S91V2,Academic,Logistics,Full Time,Syria,2022-01-22,7,1679.0,1,10
8R63D7,Doctor,Education,Full Time,United Arab Emirates,,6,1871.0,10,12
6V29E5,Bachelor,Training,Full Time,Syria,2022-01-22,5,2230.0,11,6
4T58Y6,Academic,Protection,Contract,Egypt,2022-01-22,0,904.0,2,13
8P95G4,Academic,IT,Full Time,Syria,,0,2351.0,11,6
6K58K5,Doctor,Protection,Contract,Saudi Arabia,,8,846.0,2,13
8G68H9,Institute,Protection,Contract,United Arab Emirates,2022-01-22,6,974.0,4,5
8F71J7,Prof,IT,Full Time,United Arab Emirates,,2,2011.0,8,5
7W51V8,Academic,Marketing,Part Time,United Arab Emirates,,1,1148.0,7,7
9U67P2,Institute,FSL,Full Time,Syria,,4,1789.0,12,4
3L97I7,Academic,Protection,Contract,United Arab Emirates,2022-01-22,0,733.0,2,1
6I38J9,Bachelor,Logistics,Contract,Saudi Arabia,,1,1065.0,2,4
6R81B5,Institute,Education,Full Time,Syria,,7,1650.0,3,3
5N33G5,Doctor,Logistics,Contract,Saudi Arabia,,4,694.0,4,13
7P79J3,Academic,FSL,Full Time,United Arab Emirates,2022-01-22,6,2374.0,12,9
6X93R7,Institute,Marketing,Full Time,Syria,2022-01-22,2,2005.0,7,12
2Q31Z4,Institute,Education,Part Time,Saudi Arabia,2024-01-10,2,1156.0,8,4
4L28R3,Academic,Training,Contract,United Arab Emirates,2024-01-10,5,724.0,5,14
6D21I4,Institute,Livelihoods,Contract,Syria,,7,825.0,2,7
1Z28L7,Academic,Finance,Contract,Egypt,,1,918.0,3,5
3E36B3,Academic,Wash,Part Time,Saudi Arabia,,6,1196.0,4,6
3T17D9,Institute,Finance,Contract,United Arab Emirates,,6,735.0,5,5
4X95B1,Institute,Protection,Part Time,United Arab Emirates,,2,1066.0,8,2
3W16E1,Institute,Protection,Full Time,Egypt,2022-01-22,1,2084.0,2,9
7R41A2,Academic,Protection,Contract,Egypt,2024-01-10,4,1006.0,2,5
1M52H5,Institute,Protection,Full Time,United Arab Emirates,,7,2404.0,2,4
1I76F2,Academic,Researches,Contract,United Arab Emirates,,0,819.0,4,5
8L16I5,Doctor,Protection,Full Time,United Arab Emirates,,2,1677.0,4,8
6H13Z5,Academic,FSL,Contract,United Arab Emirates,2024-01-10,5,1086.0,2,7
7N25M9,Academic,Shelter,Part Time,Egypt,2022-01-22,6,1150.0,2,11
1V36B6,Doctor,Protection,Full Time,Syria,,7,1613.0,13,12
8J51G5,Academic,Training,Contract,Egypt,,2,1091.0,1,4
4M24P6,Prof,Protection,Full Time,Egypt,2024-01-10,1,2252.0,9,6
7W29D2,Doctor,Marketing,Part Time,Egypt,,0,1136.0,1,13
4U39U2,Bachelor,Logistics,Contract,Syria,,2,1053.0,1,1
9A94O1,Bachelor,Protection,Contract,Syria,,4,706.0,1,9
4A84C2,Institute,FSL,Contract,United Arab Emirates,2022-01-22,1,892.0,2,1
7H11R4,Academic,Wash,Full Time,Egypt,,2,1539.0,10,1
6Y95X1,Institute,Marketing,Full Time,Saudi Arabia,2024-01-10,6,1767.0,2,8
3T32R7,Institute,Logistics,Contract,Saudi Arabia,2022-01-22,1,971.0,4,7
7K43J1,Academic,Marketing,Full Time,United Arab Emirates,,6,1950.0,5,7
2N75A9,Doctor,Training,Contract,United Arab Emirates,2024-01-10,6,650.0,1,13
8N88Q8,Doctor,Protection,Full Time,Egypt,,0,2476.0,2,5
2T63T8,Academic,Wash,Contract,Syria,2022-01-22,2,856.0,1,3
7L56Q8,Institute,Finance,Full Time,United Arab Emirates,,1,1776.0,2,1
4S63L7,Academic,Protection,Contract,Egypt,,1,771.0,5,12
9L29P3,Doctor,Shelter,Full Time,United Arab Emirates,,6,2379.0,7,12
2K68B8,Bachelor,Marketing,Contract,United Arab Emirates,2024-01-10,1,839.0,5,4
8W24O8,Academic,Protection,Full Time,United Arab Emirates,,8,1837.0,2,13
6D97G2,Institute,Wash,Contract,United Arab Emirates,2022-01-22,8,1081.0,4,4
6B72X6,Institute,Finance,Part Time,Syria,,2,1161.0,3,10
8M48J4,Institute,Marketing,Full Time,United Arab Emirates,2024-01-10,3,2190.0,7,3
6C31U8,Academic,NFI,Part Time,United Arab Emirates,2022-01-22,0,1190.0,5,9
4O65A8,Institute,Protection,Full Time,Egypt,2024-01-10,7,1889.0,1,5
5Q42I5,Academic,Protection,Contract,United Arab Emirates,,3,651.0,5,2
3W32Q3,Prof,Finance,Contract,United Arab Emirates,,8,917.0,3,7
9M22S7,Institute,Marketing,Full Time,Syria,2022-01-22,5,1807.0,9,7
5S73K7,Academic,Livelihoods,Contract,Syria,,3,691.0,5,7
4N49V1,Academic,Finance,Contract,United Arab Emirates,2022-01-22,8,674.0,5,10
4F32R9,Academic,Media,Part Time,Egypt,2022-01-22,7,1166.0,4,9
5I33T9,Institute,FSL,Contract,Syria,,5,807.0,2,1
9Y36L9,Institute,Health,Full Time,Syria,,5,1825.0,11,13
1R81C4,Doctor,Protection,Contract,United Arab Emirates,2022-01-22,9,795.0,5,2
6Y79R2,Academic,Education,Full Time,Syria,,9,2197.0,7,10
6J17V4,Academic,Protection,Full Time,Saudi Arabia,,3,2232.0,13,3
2P12N7,Academic,Finance,Full Time,Saudi Arabia,,1,2416.0,9,10
6D27F5,Bachelor,Logistics,Contract,United Arab Emirates,2022-01-22,7,764.0,2,11
9W87R3,Institute,Finance,Contract,United Arab Emirates,,6,740.0,1,8
6I73Q6,Academic,Protection,Full Time,Egypt,,8,2311.0,3,3
4S16N3,Institute,Protection,Contract,Saudi Arabia,,3,733.0,4,12
2W15V9,Institute,IT,Contract,United Arab Emirates,2022-01-22,5,1064.0,1,5
4L48N6,Academic,Education,Part Time,Syria,2022-01-22,0,1127.0,4,5
9I99G5,Institute,Finance,Part Time,Syria,2024-01-10,3,1159.0,8,14
9O27F2,Institute,FSL,Full Time,United Arab Emirates,2024-01-10,1,1659.0,8,1
7C69F2,Institute,Shelter,Full Time,United Arab Emirates,,3,2077.0,1,7
4G62T5,Academic,Marketing,Full Time,United Arab Emirates,,7,1932.0,2,6
9Y74D4,Prof,NFI,Full Time,Syria,2024-01-10,5,2413.0,2,3
5R82E1,Academic,Wash,Contract,Egypt,,3,851.0,5,7
1T54I5,Academic,Finance,Full Time,Egypt,,4,1836.0,7,12
4P85C4,Prof,FSL,Contract,United Arab Emirates,,3,1011.0,2,1
9O63V6,Bachelor,NFI,Full Time,United Arab Emirates,2022-01-22,7,2147.0,6,6
6O11Z6,Bachelor,Protection,Contract,United Arab Emirates,2024-01-10,6,1091.0,4,13
1L74W3,Prof,Training,Full Time,Syria,,8,2419.0,5,14
9P34K9,Academic,IT,Full Time,United Arab Emirates,,3,2364.0,1,9
9O86L1,Doctor,Finance,Contract,Syria,,4,1009.0,1,4
5J65U8,Institute,Logistics,Full Time,Egypt,2024-01-10,5,2074.0,5,12
3Q91Q8,Institute,TPM,Part Time,Egypt,2022-01-22,6,1140.0,6,7
5Q21A7,Doctor,Protection,Contract,Egypt,,4,1084.0,4,4
7T32U3,Bachelor,Protection,Full Time,Saudi Arabia,,6,2345.0,4,2
3R61M5,Bachelor,FSL,Full Time,Syria,2024-01-10,2,2494.0,9,7
3A82X7,Academic,Protection,Full Time,Egypt,,7,2500.0,6,9
9K94H9,Institute,Protection,Contract,United Arab Emirates,,8,1007.0,4,12
6F92M1,Bachelor,Protection,Full Time,Syria,2022-01-22,0,1879.0,6,11
7L17N6,Academic,Protection,Contract,United Arab Emirates,,4,1100.0,1,11
1W83C2,Doctor,Emeergincy,Full Time,Syria,2024-01-10,6,2121.0,13,9
3N62G8,Doctor,Training,Contract,Saudi Arabia,2022-01-22,1,703.0,1,14
8M94C7,Institute,Logistics,Contract,Egypt,,8,763.0,4,13
7Z53Q4,Institute,FSL,Full Time,United Arab Emirates,2024-01-10,4,1570.0,1,11
4U34Z1,Bachelor,M&E,Contract,Saudi Arabia,,0,1090.0,4,11
1Z11S9,Doctor,TPM,Full Time,Saudi Arabia,2022-01-22,2,2038.0,12,7
4T25T9,Institute,Protection,Full Time,United Arab Emirates,,2,2470.0,3,2
7O54F7,Doctor,Logistics,Contract,Egypt,,2,1035.0,3,8
2Y97U9,Bachelor,Logistics,Full Time,Saudi Arabia,,4,1582.0,12,2
9E21P6,Academic,Emeergincy,Contract,United Arab Emirates,2024-01-10,6,740.0,4,2
1L83O6,Academic,Logistics,Part Time,Syria,,3,1044.0,4,11
1P56T2,Institute,NFI,Part Time,Egypt,2022-01-22,2,1060.0,7,9
9A91Z4,Academic,Training,Full Time,Syria,,3,2393.0,11,1
9K55W2,Institute,Finance,Part Time,Egypt,,2,1182.0,4,11
6G26T4,Academic,NFI,Part Time,Syria,2024-01-10,2,1052.0,2,2
6Y34T9,Institute,Supply chain,Contract,Syria,2022-01-22,1,824.0,3,11
4P48Y7,Academic,HR,Contract,United Arab Emirates,2024-01-10,3,758.0,5,9
4W95O9,Academic,Logistics,Full Time,Syria,,5,1839.0,8,9
4U88S4,Institute,Logistics,Full Time,Egypt,,5,1521.0,10,3
7N87L8,Institute,Protection,Contract,United Arab Emirates,2022-01-22,7,665.0,4,6
8S17X6,Institute,Logistics,Full Time,Syria,,4,1971.0,2,9
3I88T4,Academic,Projects,Contract,Syria,2022-01-22,3,876.0,2,8
8G94O7,Academic,Protection,Full Time,United Arab Emirates,2022-01-22,4,1868.0,2,11
9Q12C7,Academic,FSL,Contract,Saudi Arabia,,6,736.0,1,8
9D87Q4,Institute,Protection,Full Time,Syria,,2,1762.0,4,8
2L16H4,Doctor,Training,Full Time,Syria,2022-01-22,2,2415.0,9,8
9M37L2,Academic,Finance,Full Time,United Arab Emirates,,5,2204.0,6,2
5G35Q5,Institute,FSL,Contract,United Arab Emirates,,3,935.0,1,10
9B42B7,Bachelor,Protection,Contract,Egypt,,3,787.0,1,8
8H65H7,Academic,Protection,Contract,United Arab Emirates,2022-01-22,0,847.0,5,4
1Y13Z6,Institute,Protection,Full Time,United Arab Emirates,,3,2096.0,3,11
6C79Q1,Doctor,Emeergincy,Part Time,Egypt,,2,1029.0,4,7
2Y47T2,Academic,Protection,Contract,Syria,,6,919.0,1,13
3U96A5,Doctor,Training,Full Time,United Arab Emirates,2022-01-22,5,2289.0,9,3
4Y15S6,Institute,Livelihoods,Contract,Egypt,2022-01-22,5,957.0,1,13
7Z44L6,Doctor,Finance,Full Time,United Arab Emirates,2024-01-10,1,2292.0,12,4
3B33B9,Institute,Protection,Full Time,United Arab Emirates,2024-01-10,6,1926.0,4,2
9B83X3,Academic,IT,Contract,Syria,,7,944.0,1,13
7I37V7,Academic,FSL,Full Time,Egypt,,0,2152.0,6,13
4D27H2,Prof,Education,Full Time,Egypt,2024-01-10,3,2436.0,10,14
8Q15X6,Doctor,Projects,Contract,United Arab Emirates,,2,1014.0,2,3
8W88I3,Institute,M&E,Contract,Egypt,,7,1034.0,3,1
1Y21U1,Institute,FSL,Full Time,United Arab Emirates,,0,2431.0,10,3
5Q69P4,Doctor,Finance,Part Time,Saudi Arabia,2024-01-10,8,1047.0,3,1
1Q15O9,Doctor,Protection,Contract,Syria,,8,697.0,2,6
5I83C4,Institute,IT,Full Time,Syria,,0,1753.0,1,3
7X19N1,Institute,Logistics,Part Time,Syria,,2,1163.0,4,9
9P49B1,Bachelor,Protection,Contract,United Arab Emirates,2024-01-10,6,939.0,3,13
9Z53J9,Academic,Logistics,Contract,United Arab Emirates,2022-01-22,6,684.0,5,5
2V33Z9,Academic,Finance,Full Time,Egypt,,8,1650.0,11,2
9B57P6,Institute,Emeergincy,Full Time,Egypt,,2,2419.0,10,13
3D67C3,Academic,NFI,Full Time,Egypt,2024-01-10,3,2107.0,5,2
7D47X2,Academic,NFI,Full Time,United Arab Emirates,,3,1942.0,9,7
4C51I9,Institute,Marketing,Part Time,Syria,,6,1050.0,1,8
9K65Q5,Academic,Finance,Full Time,Saudi Arabia,,0,1789.0,2,11
4J61K6,Bachelor,Training,Full Time,Saudi Arabia,2022-01-22,3,2196.0,9,1
3X14W5,Prof,FSL,Part Time,United Arab Emirates,,4,1186.0,3,4
6F99T9,Doctor,Protection,Full Time,Syria,2024-01-10,0,2204.0,12,7
7L49B6,Doctor,Protection,Contract,Egypt,2022-01-22,0,790.0,3,13
5Q76R4,Institute,M&E,Contract,United Arab Emirates,,0,975.0,5,9
8M68Z2,Institute,Protection,Full Time,Egypt,2024-01-10,5,1913.0,13,10
3U23Z3,Bachelor,Marketing,Full Time,Saudi Arabia,,2,1517.0,6,14
5I96T5,Academic,FSL,Full Time,Syria,2022-01-22,3,2357.0,7,12
3O32Y4,Bachelor,Finance,Contract,Syria,,1,1034.0,2,12
5G69Y9,Doctor,Education,Part Time,Egypt,,4,1080.0,5,4
9G92D5,Academic,Training,Full Time,United Arab Emirates,,4,1923.0,9,6
2H43E6,Academic,Protection,Full Time,United Arab Emirates,2024-01-10,5,1545.0,3,2
1J26B2,Institute,Training,Full Time,Egypt,,2,1694.0,1,12
5J23S4,Academic,IT,Contract,United Arab Emirates,2022-01-22,0,752.0,1,13
3I51C5,Academic,Researches,Contract,Syria,,3,799.0,2,3
8H66G4,Academic,Media,Full Time,United Arab Emirates,,7,2350.0,10,13
7H16C7,Academic,Finance,Contract,United Arab Emirates,2024-01-10,7,1053.0,1,14
3U73A1,Academic,FSL,Contract,Syria,2022-01-22,7,675.0,3,4
8H43H1,Academic,IT,Full Time,United Arab Emirates,2024-01-10,8,2291.0,8,2
2X72R4,Prof,Finance,Full Time,United Arab Emirates,,6,2495.0,3,1
5V15W8,Academic,Protection,Part Time,United Arab Emirates,,3,1000.0,8,1
9K22G6,Institute,Finance,Full Time,Egypt,2022-01-22,4,2427.0,5,11
2J34X8,Academic,Wash,Full Time,Egypt,,2,1527.0,8,14
8B17S8,Institute,Protection,Full Time,United Arab Emirates,2022-01-22,5,2024.0,8,4
6Y19J1,Doctor,Finance,Full Time,Syria,2022-01-22,5,1673.0,3,9
5I81W5,Doctor,Finance,Contract,Syria,,3,794.0,4,1
8D79Z1,Academic,Finance,Contract,Syria,,4,952.0,4,3
5T37Q1,Institute,Protection,Full Time,Syria,2022-01-22,4,2355.0,4,7
2V44U7,Institute,FSL,Full Time,United Arab Emirates,,5,1597.0,1,8
8L23R2,Doctor,Shelter,Contract,Saudi Arabia,,2,843.0,1,2
9N95K6,Academic,NFI,Contract,Saudi Arabia,,3,878.0,4,14
2S27I8,Academic,Logistics,Full Time,United Arab Emirates,2022-01-22,5,2050.0,5,13
7A49A1,Academic,Training,Contract,United Arab Emirates,,0,813.0,3,10
3U45K7,Institute,M&E,Full Time,United Arab Emirates,,8,1765.0,9,9
8L73T2,Academic,Logistics,Full Time,United Arab Emirates,,5,1578.0,5,4
1N85T8,Bachelor,IT,Full Time,United Arab Emirates,2022-01-22,3,2387.0,10,14
8U19J3,Bachelor,Emeergincy,Full Time,United Arab Emirates,2022-01-22,6,2074.0,1,10
1X27O5,Doctor,NFI,Contract,United Arab Emirates,2022-01-22,1,1015.0,4,1
2E13Q8,Institute,Emeergincy,Full Time,United Arab Emirates,2024-01-10,3,2145.0,1,1
7C59L2,Academic,Logistics,Contract,Egypt,2024-01-10,1,950.0,5,3
3E73D9,Doctor,Protection,Full Time,Syria,,5,2451.0,10,13
9A62Z7,Institute,Finance,Full Time,Egypt,2024-01-10,7,2413.0,4,8
5S72K3,Academic,Logistics,Full Time,Egypt,,1,2114.0,11,8
7D57N6,Institute,Marketing,Full Time,Saudi Arabia,,0,2338.0,11,5
6M97F3,Academic,Livelihoods,Part Time,Syria,,8,1171.0,5,1
4H96G3,Academic,Finance,Contract,Egypt,2022-01-22,6,715.0,2,2
4N84N4,Institute,FSL,Part Time,United Arab Emirates,2024-01-10,7,1112.0,8,13
8B88V3,Academic,Protection,Part Time,United Arab Emirates,,3,1135.0,3,10
7A48L8,Institute,Protection,Full Time,Syria,,3,1708.0,9,10
1P61Z8,Doctor,Media,Full Time,Egypt,,3,2104.0,7,10
6L31L4,Doctor,Marketing,Full Time,Syria,2024-01-10,1,1922.0,10,4
9Y26H6,Bachelor,Logistics,Full Time,Egypt,2022-01-22,3,2336.0,12,8
2F41V8,Academic,Training,Part Time,Egypt,,2,1053.0,5,6
9S12D7,Institute,Logistics,Part Time,Saudi Arabia,,3,1128.0,7,2
5O63M4,Institute,Finance,Contract,Syria,2024-01-10,5,655.0,3,14
5F21U8,Academic,Logistics,Contract,United Arab Emirates,,7,811.0,1,6
2I16S6,Institute,Finance,Part Time,Egypt,,4,1099.0,7,14
2M31L9,Bachelor,Logistics,Full Time,United Arab Emirates,,6,1567.0,10,8
9W48S3,Institute,Logistics,Full Time,United Arab Emirates,2022-01-22,3,2043.0,13,10
7Z35N7,Institute,Researches,Part Time,United Arab Emirates,,0,1158.0,1,5
1Q67K6,Academic,Protection,Full Time,Syria,2024-01-10,7,2195.0,5,9
7F54P1,Doctor,IT,Contract,Syria,2022-01-22,5,847.0,3,12
7G24D1,Academic,HR,Full Time,United Arab Emirates,,7,2429.0,5,5
3L73N1,Academic,Marketing,Full Time,Egypt,2024-01-10,0,1696.0,8,5
4E89A8,Doctor,Training,Contract,United Arab Emirates,,2,842.0,1,5
5K36P2,Doctor,Logistics,Contract,Egypt,2022-01-22,2,699.0,4,9
5X24Q2,Academic,NFI,Full Time,Saudi Arabia,,5,1620.0,6,1
6E72H9,Academic,IT,Contract,Syria,,3,788.0,5,8
5Z17F8,Academic,IT,Part Time,Egypt,,0,1048.0,2,2
4A53S2,Academic,Finance,Contract,Syria,2024-01-10,0,810.0,1,11
8W28S9,Doctor,FSL,Contract,United Arab Emirates,,6,900.0,4,4
6Q97M1,Academic,NFI,Contract,Saudi Arabia,2022-01-22,7,932.0,4,12
6T44G9,Bachelor,Logistics,Contract,Saudi Arabia,,8,880.0,4,13
4X54G3,Academic,Marketing,Full Time,United Arab Emirates,,4,1579.0,1,5
8X85J6,Institute,Training,Full Time,Egypt,2024-01-10,1,1577.0,3,3
6J79I8,Doctor,Protection,Full Time,Syria,2022-01-22,3,1825.0,9,10
6S73R6,Academic,IT,Full Time,Syria,2024-01-10,7,2093.0,6,7
7X51R7,Prof,Logistics,Part Time,Egypt,,5,1148.0,8,10
2B88B8,Academic,Health,Contract,United Arab Emirates,,0,749.0,3,12
1A49K6,Academic,TPM,Contract,United Arab Emirates,2022-01-22,8,830.0,5,3
7A43M9,Bachelor,Training,Full Time,United Arab Emirates,,4,1572.0,13,14
5D56U8,Institute,NFI,Contract,Egypt,2022-01-22,5,653.0,1,14
6G72R2,Doctor,Training,Full Time,United Arab Emirates,2022-01-22,2,1600.0,8,3
5Q16L6,Academic,Finance,Full Time,United Arab Emirates,,4,2148.0,8,6
2X11Y9,Academic,FSL,Full Time,Egypt,,6,1992.0,1,10
2F44C8,Institute,FSL,Part Time,Syria,2022-01-22,2,1105.0,5,14
4J48T6,Institute,Protection,Full Time,Syria,,2,1612.0,11,13
8H18T1,Academic,Protection,Contract,Syria,,6,682.0,3,7
3K35Y7,Bachelor,Logistics,Full Time,United Arab Emirates,,1,2175.0,12,14
1E22W4,Bachelor,Emeergincy,Full Time,Egypt,2022-01-22,2,2021.0,1,8
8A94J6,Institute,Logistics,Full Time,Egypt,,7,2158.0,10,12
6N34U3,Doctor,FSL,Full Time,Syria,,2,2052.0,10,1
4M22B2,Doctor,Media,Part Time,United Arab Emirates,,7,1021.0,7,5
1H75U9,Institute,Finance,Full Time,Syria,2022-01-22,4,1985.0,1,14
1H81Q4,Doctor,Protection,Part Time,Egypt,,3,1057.0,1,8
6W76K3,Academic,Protection,Full Time,Egypt,2022-01-22,7,1992.0,5,6
3A54Q8,Academic,Logistics,Full Time,Saudi Arabia,2024-01-10,8,1525.0,1,13
4R72Z2,Institute,FSL,Full Time,Egypt,2024-01-10,2,1740.0,1,3
5V23U2,Academic,Logistics,Part Time,Egypt,,4,1126.0,6,1
4P92J6,Doctor,Finance,Full Time,Egypt,,3,2215.0,2,8
5U85J6,Doctor,Protection,Full Time,United Arab Emirates,2024-01-10,8,2150.0,4,14
2T61X8,Bachelor,Health,Full Time,United Arab Emirates,,3,2472.0,4,7
8V58Y8,Bachelor,Finance,Full Time,Saudi Arabia,,1,1606.0,13,13
1O52O5,Institute,Protection,Contract,Syria,,7,810.0,1,8
7R84U2,Institute,IT,Full Time,Egypt,2022-01-22,5,2391.0,6,7
2D41V2,Prof,Training,Full Time,Egypt,2024-01-10,1,1588.0,12,5
9M69E7,Doctor,Logistics,Contract,Egypt,,5,981.0,2,9
4S65M8,Institute,Finance,Part Time,Syria,,1,1032.0,4,10
8Q64M9,Institute,Media,Contract,Egypt,,2,790.0,1,1
3R77M8,Academic,IT,Contract,Egypt,2024-01-10,2,759.0,3,9
7B71X9,Academic,Protection,Full Time,Saudi Arabia,2022-01-22,2,2117.0,1,11
9C21A3,Academic,FSL,Contract,United Arab Emirates,,3,717.0,3,10
8J95A2,Institute,IT,Full Time,Syria,,6,2292.0,7,13
7I52L8,Academic,FSL,Contract,United Arab Emirates,2024-01-10,1,815.0,4,3
8I13Q3,Academic,Marketing,Full Time,Egypt,,8,1918.0,12,9
8B42A6,Institute,Shelter,Contract,Saudi Arabia,,0,1070.0,3,8
3C83M7,Institute,Finance,Contract,United Arab Emirates,,3,721.0,5,2
5J23D9,Academic,Marketing,Part Time,Egypt,2022-01-22,3,1155.0,3,10
7L98C3,Institute,FSL,Full Time,Egypt,,6,1662.0,7,5
8H18G7,Academic,Training,Full Time,Egypt,2024-01-10,3,1996.0,12,13
7H47K1,Doctor,FSL,Full Time,Syria,2022-01-22,5,1912.0,12,13
6R23P1,Institute,Logistics,Contract,Syria,,1,1079.0,5,14
8J91T3,Institute,Finance,Part Time,United Arab Emirates,2024-01-10,4,1082.0,4,13
4T67E1,Academic,FSL,Contract,United Arab Emirates,,1,877.0,1,13
9O78C7,Academic,Protection,Contract,United Arab Emirates,2022-01-22,1,842.0,2,9
2S84I9,Academic,Protection,Full Time,Egypt,,2,1704.0,8,3
8E41B5,Academic,Marketing,Full Time,Syria,,1,2205.0,4,8
7E88R6,Academic,Finance,Contract,United Arab Emirates,,6,776.0,3,2
6Z24I5,Academic,Training,Contract,Egypt,,6,880.0,2,3
2C45E5,Academic,Training,Full Time,Egypt,2022-01-22,1,2207.0,9,2
2R87N4,Doctor,Protection,Contract,United Arab Emirates,,2,877.0,4,7
2V72Q7,Doctor,FSL,Full Time,Egypt,,7,1942.0,2,12
9G44A3,Academic,Marketing,Full Time,Syria,2024-01-10,4,2187.0,4,1
1N57H6,Institute,Protection,Full Time,Egypt,2022-01-22,6,1830.0,11,2
8Z27H7,Doctor,Logistics,Full Time,Syria,2024-01-10,4,1612.0,5,1
3P39E7,Doctor,Finance,Full Time,Egypt,,7,2489.0,7,13
3L56Y1,Academic,Protection,Contract,Egypt,,4,820.0,5,3
4M74G6,Academic,M&E,Full Time,United Arab Emirates,2022-01-22,1,2439.0,13,1
3C64G5,Bachelor,Marketing,Full Time,United Arab Emirates,,4,1983.0,4,4
4Y69I7,Prof,Finance,Full Time,United Arab Emirates,2022-01-22,5,1922.0,7,12
1A92N7,Academic,Protection,Full Time,Syria,2022-01-22,1,1762.0,7,4
5P88W1,Academic,Training,Contract,Egypt,,4,690.0,1,4
4W47X4,Doctor,Finance,Full Time,United Arab Emirates,,6,1864.0,10,4
3W71Z1,Doctor,Finance,Full Time,Syria,2022-01-22,5,2407.0,10,6
2C58B1,Prof,Finance,Full Time,United Arab Emirates,,2,2016.0,12,1
4I98F6,Academic,Marketing,Part Time,Syria,,6,1022.0,8,6
5S37E3,Academic,Logistics,Contract,United Arab Emirates,,4,1027.0,2,12
1B75P4,Academic,Marketing,Full Time,Egypt,2022-01-22,0,2458.0,7,11
6Z83S3,Academic,FSL,Full Time,United Arab Emirates,,8,1995.0,5,5
8R74V4,Institute,Marketing,Part Time,United Arab Emirates,,1,1142.0,4,2
9T92U5,Academic,Marketing,Full Time,Egypt,,5,2271.0,5,7
7K26H1,Doctor,NFI,Contract,Syria,2022-01-22,6,707.0,1,13
2W55M9,Academic,Protection,Contract,Saudi Arabia,2022-01-22,5,1013.0,2,5
9O75D2,Doctor,TPM,Full Time,Saudi Arabia,2024-01-10,8,2167.0,3,9
6P63Z7,Academic,Logistics,Contract,Egypt,2024-01-10,4,864.0,5,14
7P39X1,Academic,Logistics,Contract,United Arab Emirates,,3,917.0,3,1
6W48V1,Institute,Logistics,Contract,Saudi Arabia,,5,1021.0,1,14
3N34S5,Bachelor,Wash,Full Time,United Arab Emirates,2024-01-10,1,1712.0,11,3
2H98S4,Prof,Protection,Full Time,Egypt,,6,2464.0,8,2
6K69D4,Prof,Logistics,Contract,United Arab Emirates,,3,1054.0,3,7
8G12Z1,Academic,Training,Contract,Egypt,,0,886.0,5,12
2O63O4,Doctor,TPM,Full Time,Syria,2022-01-22,4,2163.0,10,9
1F89L4,Academic,Media,Full Time,Egypt,2024-01-10,0,2285.0,10,14
2W49V5,Institute,FSL,Contract,Egypt,,6,876.0,3,12
1F64C9,Academic,Finance,Part Time,Syria,,2,1117.0,2,2
8X49Y7,Institute,FSL,Part Time,Syria,,1,1192.0,6,14
7Y39E5,Institute,Logistics,Full Time,Egypt,2024-01-10,6,2155.0,2,11
6H92B1,Academic,HR,Contract,Syria,2022-01-22,5,888.0,5,3
3W69Z1,Bachelor,Marketing,Full Time,United Arab Emirates,,0,2268.0,9,5
5V96O7,Institute,Marketing,Contract,United Arab Emirates,,8,1077.0,3,8
5G44J4,Institute,Logistics,Part Time,Egypt,2024-01-10,7,1167.0,1,7
9D14L1,Academic,Emeergincy,Full Time,Syria,,7,1835.0,1,12
8O33H5,Academic,Marketing,Part Time,Syria,,8,1112.0,5,8
2A19K8,Academic,Media,Full Time,Egypt,,3,2356.0,4,12
4T48Y6,Academic,FSL,Contract,Syria,2022-01-22,4,749.0,4,4
3G44X7,Academic,Logistics,Full Time,United Arab Emirates,,0,2180.0,9,13
8E48L6,Academic,NFI,Part Time,Saudi Arabia,2024-01-10,3,1060.0,7,12
3D53I3,Bachelor,Logistics,Contract,Saudi Arabia,2022-01-22,6,802.0,3,13
1I57M8,Academic,Protection,Contract,United Arab Emirates,,3,920.0,3,11
2I18P5,Doctor,Training,Contract,Egypt,2024-01-10,5,1075.0,5,4
8K37O7,Doctor,Finance,Full Time,Syria,,6,2058.0,10,10
7I47I3,Institute,Marketing,Contract,Saudi Arabia,2022-01-22,0,1088.0,5,5
3R67Y8,Academic,Supply chain,Full Time,Saudi Arabia,,2,1649.0,10,13
9Z58S2,Academic,NFI,Full Time,Syria,,9,1730.0,6,12
9Z52E3,Academic,Wash,Full Time,Egypt,,6,1766.0,11,5
3V85Y2,Institute,Logistics,Full Time,United Arab Emirates,2024-01-10,5,1642.0,9,5
1D41H4,Academic,Logistics,Contract,Egypt,,1,961.0,3,12
2M53D2,Doctor,Logistics,Full Time,United Arab Emirates,2022-01-22,4,1973.0,4,8
7J35G7,Doctor,Finance,Contract,Syria,,6,1044.0,1,14
8Q93Z9,Academic,Protection,Full Time,United Arab Emirates,,5,2126.0,10,7
3W57I1,Institute,Wash,Contract,Egypt,2024-01-10,0,916.0,2,6
1A74N5,Academic,M&E,Full Time,Saudi Arabia,2022-01-22,2,2096.0,3,12
5G98Y7,Doctor,Protection,Contract,United Arab Emirates,2024-01-10,4,909.0,1,3
7H29B3,Bachelor,Finance,Full Time,United Arab Emirates,,4,1765.0,12,12
5R16C2,Institute,Logistics,Contract,United Arab Emirates,,7,681.0,2,5
7D75K5,Academic,Marketing,Full Time,United Arab Emirates,2022-01-22,4,2071.0,4,7
2M18E4,Bachelor,NFI,Full Time,Egypt,,3,1649.0,3,9
9F25P1,Academic,Marketing,Contract,United Arab Emirates,2022-01-22,5,1042.0,2,3
7B66K2,Academic,Wash,Contract,Saudi Arabia,2022-01-22,4,695.0,3,10
1X58G4,Doctor,IT,Full Time,Egypt,,1,2227.0,3,1
9V38C5,Academic,Finance,Full Time,United Arab Emirates,,2,2475.0,4,2
4H82H2,Bachelor,Protection,Part Time,United Arab Emirates,2022-01-22,5,1198.0,1,6
6S64Z6,Doctor,IT,Full Time,Saudi Arabia,,0,1874.0,9,3
6E45I7,Academic,Emeergincy,Full Time,Saudi Arabia,,8,2287.0,6,3
8M93E5,Academic,Media,Full Time,Syria,,1,2374.0,11,11
1K35O6,Doctor,Finance,Contract,Saudi Arabia,2022-01-22,0,839.0,2,9
4C86A2,Academic,Protection,Contract,Syria,,6,684.0,2,13
2F66Q3,Institute,FSL,Full Time,United Arab Emirates,,6,1646.0,3,2
5T19K6,Academic,Marketing,Contract,Egypt,,5,1097.0,5,5
9A64L2,Institute,Logistics,Full Time,Syria,2022-01-22,3,2098.0,10,11
7H18N2,Doctor,Protection,Contract,Saudi Arabia,2022-01-22,1,834.0,3,10
7O97F1,Academic,Logistics,Contract,Saudi Arabia,2024-01-10,2,692.0,1,10
8N49F7,Academic,FSL,Full Time,United Arab Emirates,,8,1965.0,11,14
7A64L8,Bachelor,FSL,Full Time,United Arab Emirates,,4,1813.0,12,1
1Y21Y4,Prof,IT,Full Time,Egypt,2024-01-10,6,1919.0,1,7
3O79R9,Institute,NFI,Full Time,United Arab Emirates,,2,2312.0,5,9
3C96F7,Institute,Training,Contract,Saudi Arabia,,4,908.0,2,6
2I48F6,Institute,M&E,Contract,United Arab Emirates,,2,969.0,4,1
2W79D1,Academic,Training,Contract,United Arab Emirates,2022-01-22,3,731.0,5,3
6J23J9,Academic,Wash,Full Time,Saudi Arabia,2024-01-10,6,1779.0,9,2
4R77X6,Bachelor,Protection,Full Time,Egypt,,5,1885.0,4,1
5X36B2,Academic,Protection,Full Time,United Arab Emirates,,3,1519.0,3,5
4C86X3,Academic,Wash,Contract,United Arab Emirates,,1,769.0,3,7
6Z73N6,Doctor,IT,Full Time,Egypt,2024-01-10,3,2340.0,5,12
3F82R2,Academic,Logistics,Full Time,Syria,2022-01-22,4,1920.0,7,1
5Q58E3,Doctor,Protection,Contract,Saudi Arabia,,5,847.0,4,5
5J32W9,Academic,FSL,Contract,United Arab Emirates,,4,809.0,2,1
9B33A2,Doctor,M&E,Part Time,United Arab Emirates,2024-01-10,5,1177.0,3,13
8M27Y5,Academic,Wash,Full Time,Syria,,3,1692.0,3,13
5G75O5,Institute,FSL,Part Time,Egypt,,3,1059.0,3,6
7Y23U8,Institute,Training,Full Time,Egypt,,1,2386.0,11,6
8O52M1,Institute,M&E,Full Time,Syria,2022-01-22,7,2466.0,4,2
5A27R1,Academic,Protection,Full Time,Syria,,6,1991.0,1,13
3G31I7,Institute,Protection,Full Time,United Arab Emirates,2024-01-10,7,2488.0,10,6
2O85H9,Academic,Logistics,Part Time,United Arab Emirates,2022-01-22,5,1190.0,3,6
1O39G3,Institute,Protection,Contract,United Arab Emirates,,8,777.0,5,9
7P39A2,Academic,Education,Full Time,United Arab Emirates,2024-01-10,2,1706.0,11,11
6N56E9,Academic,Protection,Full Time,Egypt,,8,2034.0,11,13
6Z33A4,Academic,Protection,Full Time,United Arab Emirates,2022-01-22,1,2027.0,5,9
9M75L6,Academic,Marketing,Contract,Syria,,6,768.0,2,3
6T31K9,Academic,HR,Full Time,Egypt,,2,2419.0,7,7
9V55C3,Institute,Protection,Full Time,Saudi Arabia,,6,2027.0,4,6
9M75P9,Institute,Protection,Full Time,United Arab Emirates,2024-01-10,5,1893.0,3,3
6S36Z5,Academic,Training,Contract,Egypt,,7,665.0,1,1
1X75V5,Bachelor,Protection,Part Time,Egypt,2022-01-22,4,1069.0,1,10
2J88J3,Prof,Protection,Contract,United Arab Emirates,,7,906.0,5,5
1W77L6,Academic,Protection,Full Time,Syria,,8,2351.0,11,11
3T51O1,Academic,Protection,Contract,Syria,2024-01-10,7,725.0,5,4
7P51G7,Doctor,FSL,Full Time,Saudi Arabia,2022-01-22,4,2479.0,2,11
9L26V6,Academic,FSL,Full Time,Egypt,2024-01-10,7,1731.0,3,2
4A94O3,Bachelor,Protection,Part Time,Saudi Arabia,,5,1122.0,1,10
9P15J6,Academic,Logistics,Contract,Saudi Arabia,,4,869.0,1,4
4N29O5,Academic,Livelihoods,Full Time,Egypt,2022-01-22,1,2032.0,1,12
2R72T5,Academic,Protection,Contract,United Arab Emirates,,2,970.0,3,3
7R84P3,Academic,M&E,Full Time,Syria,2022-01-22,2,1555.0,13,4
7X32L2,Academic,FSL,Full Time,United Arab Emirates,2022-01-22,5,2026.0,8,1
7R54Y9,Prof,NFI,Contract,Syria,,4,770.0,4,4
1F35W2,Academic,Supply chain,Full Time,Syria,,2,1604.0,6,8
7Y51N5,Doctor,Wash,Contract,Saudi Arabia,2022-01-22,0,700.0,2,6
3H86J3,Doctor,Marketing,Full Time,United Arab Emirates,,3,1723.0,12,4
4C89K7,Academic,Logistics,Contract,Egypt,,6,862.0,4,7
9Y68F3,Doctor,Protection,Part Time,Syria,,8,1107.0,4,12
6Z13E8,Academic,FSL,Full Time,United Arab Emirates,2022-01-22,4,2389.0,8,5
9W82N5,Institute,Training,Contract,Egypt,,7,724.0,5,14
1K29L8,Prof,IT,Full Time,United Arab Emirates,,6,1723.0,9,2
7J12K9,Institute,Logistics,Full Time,Egypt,,6,2245.0,12,9
9L31C7,Institute,Finance,Contract,Syria,2022-01-22,5,712.0,4,8
6E99P4,Academic,NFI,Full Time,Syria,2022-01-22,2,1948.0,6,11
1D26U3,Doctor,Finance,Contract,Syria,2024-01-10,9,1064.0,3,6
8L44J1,Bachelor,Finance,Full Time,United Arab Emirates,2024-01-10,7,2233.0,5,1
4F84F1,Academic,IT,Part Time,Syria,,5,1093.0,8,1
8Q11P9,Bachelor,Protection,Contract,United Arab Emirates,,4,862.0,1,11
1P61K1,Institute,Logistics,Full Time,Syria,2024-01-10,5,2012.0,9,1
1H25Y9,Academic,Training,Full Time,United Arab Emirates,,5,1980.0,5,5
7E52Q8,Prof,FSL,Full Time,Saudi Arabia,,7,1929.0,7,5
7G86F7,Academic,FSL,Full Time,Egypt,,6,2388.0,3,7
3B65M4,Institute,IT,Full Time,Egypt,2022-01-22,4,1522.0,13,6
5I34E9,Academic,Logistics,Contract,Syria,2024-01-10,2,778.0,1,1
2Q67F5,Academic,Protection,Full Time,United Arab Emirates,,6,1544.0,8,4
8V75O5,Institute,Training,Part Time,Syria,,2,1134.0,6,13
6V96X8,Academic,Finance,Full Time,United Arab Emirates,,1,1654.0,10,12
8U11B5,Doctor,HR,Full Time,United Arab Emirates,2024-01-10,4,1691.0,10,12
2S72U5,Academic,Logistics,Full Time,Syria,2022-01-22,7,2498.0,4,3
2E59H1,Institute,NFI,Full Time,United Arab Emirates,,2,2423.0,12,13
8G53T5,Institute,Education,Contract,United Arab Emirates,,7,836.0,1,11
8N62M9,Institute,Training,Full Time,United Arab Emirates,2024-01-10,8,1506.0,13,5
9G17K4,Prof,Training,Part Time,Syria,,7,1084.0,6,8
4A33E1,Bachelor,M&E,Contract,Syria,,5,1002.0,1,3
7X52J4,Academic,NFI,Full Time,Saudi Arabia,,5,2179.0,4,7
7D69G9,Institute,Wash,Contract,United Arab Emirates,2022-01-22,2,767.0,4,4
2R69H2,Academic,Training,Full Time,Syria,,9,2115.0,12,9
5J91R3,Doctor,Media,Full Time,Syria,2024-01-10,3,1720.0,5,6
6U16U8,Academic,NFI,Full Time,Saudi Arabia,2022-01-22,2,1892.0,10,11
3N65R2,Academic,FSL,Contract,Egypt,,3,726.0,1,1
5V64Z6,Academic,Shelter,Part Time,Egypt,2024-01-10,2,1093.0,5,14
9Z49H2,Institute,NFI,Full Time,United Arab Emirates,,4,2049.0,8,3
5D58P4,Bachelor,Researches,Contract,Egypt,2022-01-22,6,956.0,4,12
6S92B8,Doctor,IT,Full Time,Syria,,2,1859.0,11,5
5H19S8,Bachelor,Protection,Contract,United Arab Emirates,,6,861.0,1,9
8H61P1,Institute,IT,Part Time,Syria,,6,1128.0,8,13
9D53F2,Doctor,Logistics,Contract,United Arab Emirates,2024-01-10,5,863.0,4,9
4W19E4,Institute,Logistics,Part Time,United Arab Emirates,,5,1166.0,7,3
4N93Q1,Academic,Protection,Full Time,United Arab Emirates,2022-01-22,7,2223.0,4,4
7Z24J8,Bachelor,Wash,Part Time,Egypt,,5,1077.0,1,2
3V63H3,Institute,FSL,Full Time,United Arab Emirates,,5,1574.0,7,7
2G74W6,Institute,IT,Contract,United Arab Emirates,2024-01-10,3,860.0,3,9
2O58J3,Academic,TPM,Contract,United Arab Emirates,2022-01-22,7,994.0,5,11
9H83W3,Institute,NFI,Contract,Egypt,2024-01-10,7,959.0,1,1
5R37A9,Academic,Projects,Full Time,Syria,,0,1967.0,4,3
1D95W6,Academic,Logistics,Full Time,Syria,,0,1933.0,5,4
2W32G4,Academic,M&E,Contract,United Arab Emirates,2022-01-22,0,1019.0,4,6
3B86X7,Prof,Protection,Contract,Saudi Arabia,,3,792.0,3,2
6U16F1,Academic,Logistics,Part Time,Syria,2022-01-22,2,1094.0,4,13
1L48F6,Institute,Protection,Full Time,United Arab Emirates,2022-01-22,3,1699.0,13,14
6V38V8,Academic,Emeergincy,Part Time,United Arab Emirates,,3,1022.0,4,8
7A17D7,Institute,Protection,Full Time,Egypt,,4,2452.0,10,12
3B86A2,Academic,Protection,Contract,Syria,2022-01-22,0,960.0,3,3
8B35J4,Institute,Supply chain,Contract,United Arab Emirates,,0,940.0,3,8
5L88K7,Institute,Marketing,Full Time,United Arab Emirates,,0,2341.0,9,13
5X48K9,Academic,FSL,Full Time,Egypt,,0,1649.0,10,12
2B26M8,Bachelor,Protection,Part Time,United Arab Emirates,2022-01-22,6,1026.0,7,3
2U74Z4,Doctor,Protection,Contract,Egypt,,1,1066.0,3,12
1M21S3,Academic,Protection,Contract,Egypt,,5,677.0,5,1
8Z46I9,Institute,Logistics,Full Time,Saudi Arabia,,5,2172.0,7,12
8J88J1,Institute,Protection,Contract,Egypt,2022-01-22,8,726.0,5,6
2Y87O5,Doctor,M&E,Full Time,Syria,2022-01-22,1,1554.0,6,1
3N62Y4,Doctor,Training,Contract,Syria,2022-01-22,1,1011.0,3,10
5B75N6,Academic,Protection,Full Time,Syria,2022-01-22,2,2001.0,12,11
8T25N4,Doctor,Protection,Full Time,Syria,2024-01-10,8,1971.0,4,12
6Z99U4,Doctor,IT,Full Time,Syria,2024-01-10,6,1894.0,10,7
5J27B8,Bachelor,Education,Contract,United Arab Emirates,,1,798.0,3,13
9N52K9,Academic,Shelter,Full Time,Egypt,,2,1783.0,5,13
1V94D4,Academic,Protection,Contract,United Arab Emirates,2024-01-10,3,960.0,2,8
2Z64Z8,Institute,Protection,Contract,United Arab Emirates,,2,901.0,5,1
3Z51M2,Prof,Training,Contract,Saudi Arabia,,7,988.0,1,13
6D34W4,Doctor,Training,Full Time,Syria,,4,1712.0,3,6
4L87W6,Doctor,Wash,Contract,United Arab Emirates,2022-01-22,0,862.0,3,13
1Q22A3,Academic,Training,Full Time,Syria,2024-01-10,6,2453.0,1,6
6F38D4,Prof,Education,Full Time,Syria,,8,2252.0,11,8
9K77C2,Academic,Protection,Part Time,United Arab Emirates,,3,1155.0,5,6
4M16O1,Institute,Training,Full Time,Egypt,,2,2204.0,6,9
9Z62D3,Academic,Shelter,Full Time,Syria,2024-01-10,5,2183.0,10,1
1L67Q4,Academic,Finance,Full Time,Egypt,2022-01-22,3,2495.0,10,12
7B93X2,Institute,Protection,Full Time,Saudi Arabia,,0,1722.0,13,7
2D94O7,Prof,Marketing,Full Time,Syria,,7,2231.0,9,7
9G31J6,Academic,Training,Contract,Egypt,2024-01-10,2,699.0,4,10
9M39H7,Prof,FSL,Part Time,United Arab Emirates,,7,1001.0,5,8
1X59X8,Academic,Logistics,Part Time,United Arab Emirates,,3,1111.0,4,7
7B82R9,Prof,Logistics,Full Time,United Arab Emirates,,6,1683.0,10,13
8Z72V8,Academic,HR,Full Time,Syria,2022-01-22,0,2408.0,5,9
6Q55I7,Academic,Finance,Full Time,Syria,,8,2153.0,6,13
4W37H8,Institute,Marketing,Full Time,Egypt,2024-01-10,1,1953.0,8,3
8D76M9,Institute,Livelihoods,Contract,United Arab Emirates,2022-01-22,6,1057.0,5,13
2D42C1,Academic,M&E,Contract,Egypt,,2,780.0,5,11
7M29R1,Doctor,Marketing,Full Time,United Arab Emirates,2024-01-10,5,2324.0,9,12
5O56R3,Academic,NFI,Full Time,Egypt,,0,2064.0,5,7
8Q97Y3,Academic,IT,Full Time,Egypt,2022-01-22,4,2254.0,12,4
4M82N6,Institute,Finance,Full Time,United Arab Emirates,,0,2318.0,12,4
3Q52N2,Academic,Marketing,Contract,United Arab Emirates,,2,678.0,3,2
9T12M5,Academic,Marketing,Full Time,Saudi Arabia,,3,2019.0,9,7
6T25V4,Academic,Protection,Full Time,Syria,2024-01-10,3,1867.0,3,4
7U82Q5,Academic,Protection,Full Time,United Arab Emirates,,3,1636.0,6,3
4V48L3,Doctor,NFI,Contract,United Arab Emirates,2022-01-22,4,819.0,1,8
5A76Z4,Academic,Protection,Full Time,United Arab Emirates,,7,2365.0,5,11
5J59X5,Doctor,Protection,Part Time,Saudi Arabia,,5,1082.0,3,11
1T12J8,Doctor,Training,Full Time,Syria,2024-01-10,4,1999.0,13,11
3S43F8,Bachelor,Researches,Full Time,United Arab Emirates,2022-01-22,1,2408.0,10,13
3E54O8,Academic,Protection,Full Time,Saudi Arabia,2024-01-10,6,1722.0,12,1
7B77F5,Institute,Logistics,Full Time,Saudi Arabia,,7,2192.0,1,9
5U86C5,Academic,Finance,Part Time,United Arab Emirates,,3,1010.0,3,6
1E52A5,Bachelor,IT,Contract,Syria,2022-01-22,6,884.0,5,9
6H18G7,Bachelor,M&E,Contract,United Arab Emirates,,4,1068.0,3,4
6N63H2,Institute,Health,Full Time,United Arab Emirates,2022-01-22,0,1972.0,11,9
7Q83D4,Bachelor,NFI,Part Time,United Arab Emirates,2022-01-22,8,1117.0,1,6
8I46K2,Academic,Protection,Contract,Egypt,,4,742.0,3,11
3R45G5,Prof,Marketing,Full Time,Saudi Arabia,,0,2086.0,5,2
8E85U3,Doctor,Logistics,Contract,Egypt,2022-01-22,1,724.0,4,2
9E78M3,Institute,Protection,Contract,Syria,,2,867.0,4,13
5M94M9,Academic,Emeergincy,Full Time,Syria,,0,2311.0,7,11
8R25S3,Institute,FSL,Full Time,Egypt,,8,2140.0,3,1
1Q56R9,Doctor,Protection,Contract,United Arab Emirates,2022-01-22,0,767.0,5,14
7V53H3,Doctor,Finance,Contract,Syria,,1,799.0,1,4
2L21E7,Academic,Livelihoods,Full Time,Egypt,,0,2477.0,1,11
8R42B5,Academic,Logistics,Full Time,Syria,,8,1998.0,2,11
5I92Q8,Institute,Marketing,Part Time,United Arab Emirates,2022-01-22,7,1170.0,7,10
8T74A2,Academic,Protection,Contract,Syria,2022-01-22,1,808.0,5,11
9L16G3,Institute,Shelter,Contract,Egypt,2024-01-10,6,1023.0,1,9
2C37K2,Institute,Logistics,Full Time,Egypt,2024-01-10,3,1720.0,6,14
6C76I5,Academic,FSL,Full Time,United Arab Emirates,,4,1824.0,5,1
4T96P2,Academic,FSL,Part Time,United Arab Emirates,,2,1029.0,6,14
2P16I1,Academic,IT,Full Time,Syria,2024-01-10,4,2117.0,5,5
1V98Y3,Institute,Protection,Contract,United Arab Emirates,,1,1020.0,2,7
1O88C3,Academic,Logistics,Contract,Egypt,,3,951.0,4,8
1J95M5,Institute,Logistics,Full Time,Saudi Arabia,,3,2373.0,7,1
1T11L3,Academic,Logistics,Full Time,United Arab Emirates,2022-01-22,7,1875.0,12,7
3V31V7,Doctor,Protection,Full Time,Saudi Arabia,2024-01-10,8,1977.0,11,1
5O44N2,Doctor,Logistics,Contract,Egypt,,8,1059.0,1,12
4E55M2,Doctor,FSL,Part Time,United Arab Emirates,,4,1021.0,5,5
3Q13W5,Academic,NFI,Full Time,Egypt,,5,2256.0,5,6
9G71U1,Academic,IT,Full Time,United Arab Emirates,2024-01-10,6,1701.0,8,3
9S61Y6,Institute,Health,Full Time,United Arab Emirates,2022-01-22,3,1821.0,13,13
8S37V1,Bachelor,IT,Contract,United Arab Emirates,,4,828.0,3,8
4E84C7,Bachelor,Finance,Part Time,Syria,,6,1039.0,1,4
3P87H9,Doctor,Training,Part Time,Saudi Arabia,2024-01-10,5,1007.0,8,13
1O88L4,Prof,FSL,Full Time,Saudi Arabia,,1,1899.0,2,4
2A97T3,Bachelor,Protection,Contract,Syria,,6,905.0,3,12
1P66S4,Academic,Logistics,Full Time,United Arab Emirates,,6,1963.0,8,4
1S92T3,Academic,Finance,Part Time,United Arab Emirates,2022-01-22,5,1035.0,4,3
1F71J9,Academic,Marketing,Contract,Syria,,3,925.0,2,3
3K31N3,Bachelor,Finance,Full Time,Saudi Arabia,2024-01-10,2,2238.0,7,9
3E98N8,Bachelor,Protection,Contract,Saudi Arabia,2022-01-22,8,967.0,1,10
2A33C7,Academic,NFI,Full Time,United Arab Emirates,,3,1652.0,5,1
4P13S4,Institute,Finance,Full Time,United Arab Emirates,2024-01-10,2,2499.0,5,4
1F46R1,Academic,Protection,Contract,Egypt,,7,967.0,5,14
3S37S4,Academic,Finance,Contract,Syria,2022-01-22,7,986.0,3,14
8I82R1,Institute,Protection,Full Time,United Arab Emirates,,6,2178.0,12,12
5I35J7,Institute,Finance,Full Time,United Arab Emirates,,5,2327.0,2,5
7G93W7,Institute,Logistics,Full Time,United Arab Emirates,,2,1964.0,10,3
3V87H7,Bachelor,Training,Full Time,Saudi Arabia,2024-01-10,7,2208.0,6,2
4V74B2,Academic,NFI,Contract,Egypt,,2,1014.0,3,10
6Q49W5,Academic,Wash,Contract,United Arab Emirates,2022-01-22,0,660.0,1,10
1P93X4,Academic,M&E,Part Time,United Arab Emirates,,0,1061.0,7,2
2U41F6,Institute,Training,Part Time,United Arab Emirates,,0,1197.0,1,12
1F78T4,Academic,Marketing,Contract,Egypt,2024-01-10,5,1007.0,1,8
2C47F6,Institute,Training,Part Time,Egypt,2022-01-22,1,1145.0,4,4
1L14Z6,Academic,Logistics,Contract,Egypt,2024-01-10,2,724.0,3,12
3O86H5,Doctor,Logistics,Part Time,Syria,,2,1030.0,1,13
1K49V6,Academic,IT,Full Time,Saudi Arabia,,6,2125.0,2,5
1F93M3,Academic,Protection,Full Time,Egypt,2022-01-22,6,1835.0,7,4
4G74K2,Academic,Protection,Full Time,Saudi Arabia,,6,1859.0,12,7
7T36D5,Institute,Protection,Full Time,United Arab Emirates,2022-01-22,7,1815.0,10,13
2S35K8,Institute,Protection,Full Time,United Arab Emirates,2022-01-22,5,1679.0,8,13
1I21F6,Academic,Logistics,Contract,United Arab Emirates,,3,1054.0,1,9
6M64A1,Bachelor,Finance,Contract,United Arab Emirates,,7,806.0,2,7
7D86X4,Academic,FSL,Full Time,Egypt,2022-01-22,1,2080.0,6,13
3O93N7,Academic,Finance,Contract,Syria,,3,1021.0,5,1
2C91Q8,Academic,Logistics,Full Time,Egypt,,0,2247.0,12,12
8X22V1,Bachelor,Marketing,Full Time,United Arab Emirates,,3,2241.0,5,14
5H68C9,Academic,Shelter,Contract,United Arab Emirates,2022-01-22,4,1073.0,5,3
6F44A9,Bachelor,Protection,Full Time,Saudi Arabia,,7,1755.0,1,4
5U61G8,Institute,Finance,Part Time,Syria,,3,1058.0,4,13
5B51O6,Doctor,Training,Full Time,Syria,,4,1843.0,9,10
5V13R1,Academic,Marketing,Contract,Syria,2022-01-22,2,860.0,1,5
3D28T2,Bachelor,HR,Contract,United Arab Emirates,2022-01-22,1,1082.0,3,2
2E63F5,Institute,FSL,Contract,Egypt,2024-01-10,3,982.0,1,9
4E11Y3,Academic,Logistics,Contract,United Arab Emirates,2024-01-10,1,757.0,1,7
9R21W7,Academic,Protection,Full Time,Egypt,,0,1837.0,12,6
3O63D9,Academic,TPM,Contract,United Arab Emirates,,8,783.0,4,10
6E41E2,Academic,Training,Contract,Saudi Arabia,2024-01-10,1,845.0,2,4
2B25E1,Institute,Shelter,Part Time,United Arab Emirates,,1,1061.0,1,9
2O89X1,Doctor,FSL,Full Time,United Arab Emirates,,5,1508.0,1,10
8Z65M6,Academic,Protection,Full Time,Egypt,,1,1510.0,1,10
2R88P7,Academic,Protection,Full Time,Syria,2022-01-22,3,1875.0,5,1
4B65Y5,Academic,IT,Full Time,Syria,2024-01-10,7,2114.0,8,9
6F65Y6,Institute,Training,Full Time,United Arab Emirates,,5,1825.0,3,9
4B23M2,Doctor,Logistics,Full Time,United Arab Emirates,,6,1588.0,5,13
7L28S8,Bachelor,Shelter,Full Time,Syria,,3,2254.0,6,11
6Z28P8,Institute,Protection,Full Time,Syria,2024-01-10,2,1590.0,5,7
5C49D3,Academic,Projects,Part Time,Syria,2022-01-22,1,1168.0,1,6
3I89F8,Academic,IT,Full Time,Saudi Arabia,,3,2329.0,9,14
5U24C6,Institute,Logistics,Full Time,United Arab Emirates,,5,2423.0,5,11
6R85W2,Institute,Training,Part Time,United Arab Emirates,2024-01-10,8,1017.0,4,6
4Z41Y5,Bachelor,Education,Full Time,Egypt,,1,2385.0,7,12
3Y24L5,Prof,Shelter,Full Time,United Arab Emirates,,2,2409.0,6,6
5G91W9,Doctor,FSL,Full Time,United Arab Emirates,,3,2050.0,8,2
2T77I5,Academic,NFI,Contract,Egypt,2022-01-22,6,1040.0,4,6
9C49D4,Doctor,Livelihoods,Part Time,United Arab Emirates,,5,1183.0,3,14
1S72V4,Academic,Marketing,Full Time,Egypt,2024-01-10,7,1932.0,12,8
2C46K5,Institute,Protection,Contract,United Arab Emirates,2022-01-22,4,1038.0,4,2
4K87S2,Doctor,Marketing,Part Time,Egypt,,2,1075.0,8,13
8U31V3,Academic,FSL,Contract,Egypt,2024-01-10,7,963.0,5,10
9F35W2,Academic,FSL,Full Time,Egypt,,1,2170.0,1,4
7Y45J7,Academic,IT,Contract,Syria,2022-01-22,0,1011.0,2,8
8L48P9,Doctor,Marketing,Contract,Saudi Arabia,,2,812.0,3,13
3R46U3,Prof,Training,Contract,United Arab Emirates,,5,964.0,5,11
1T13A8,Institute,Finance,Full Time,Syria,,6,2194.0,9,3
4X36U2,Academic,Finance,Contract,Egypt,2024-01-10,8,928.0,1,10
9N63B9,Bachelor,Wash,Full Time,United Arab Emirates,,2,1760.0,6,8
3R78E6,Institute,NFI,Full Time,United Arab Emirates,2022-01-22,4,2257.0,8,12
6O67X9,Institute,FSL,Full Time,Saudi Arabia,,5,1953.0,13,2
6E38O8,Institute,Protection,Full Time,Egypt,,4,2224.0,10,14
3U89E6,Doctor,FSL,Full Time,Egypt,2024-01-10,8,2299.0,12,7
2F39W2,Academic,Finance,Full Time,Syria,2022-01-22,0,1983.0,2,3
2C96E7,Institute,Protection,Full Time,Egypt,2024-01-10,1,2135.0,13,12
5K19E5,Academic,TPM,Full Time,Egypt,,1,2347.0,5,6
3Y57W7,Doctor,NFI,Full Time,Syria,,2,1979.0,10,4
5A59P6,Academic,Protection,Full Time,United Arab Emirates,2022-01-22,1,1733.0,3,9
3A44X8,Institute,HR,Contract,United Arab Emirates,,3,656.0,2,11
1X18S5,Doctor,Training,Contract,United Arab Emirates,2022-01-22,0,713.0,4,9
3T74Q1,Bachelor,Finance,Contract,Egypt,2022-01-22,0,905.0,5,7
5K67U1,Bachelor,IT,Contract,Egypt,,8,983.0,5,9
4V86V5,Institute,FSL,Full Time,Saudi Arabia,,3,1688.0,4,7
8Z46A8,Academic,Finance,Part Time,Syria,2022-01-22,3,1011.0,7,3
1B72T1,Academic,Education,Full Time,Egypt,,5,2230.0,3,4
7X19E7,Bachelor,Finance,Full Time,Syria,,5,1984.0,11,13
5M71I5,Academic,Logistics,Full Time,Saudi Arabia,,8,2138.0,7,5
4F92Y3,Prof,FSL,Contract,United Arab Emirates,2022-01-22,2,743.0,2,3
5M77F8,Institute,Training,Full Time,United Arab Emirates,,1,2391.0,7,7
1J97X2,Academic,Protection,Full Time,Syria,,5,1681.0,12,3
7J66G3,Institute,Marketing,Part Time,Syria,,8,1077.0,4,12
2C95W8,Academic,Finance,Full Time,United Arab Emirates,2022-01-22,6,2029.0,6,7
4S54D4,Academic,Protection,Full Time,Saudi Arabia,2022-01-22,6,2436.0,3,5
6J42K4,Academic,Emeergincy,Part Time,United Arab Emirates,2024-01-10,3,1102.0,8,10
1U52S4,Bachelor,Protection,Full Time,Egypt,2024-01-10,4,2342.0,8,7
6M66A7,Academic,Emeergincy,Full Time,Saudi Arabia,,5,2433.0,1,2
4P59L4,Bachelor,Projects,Full Time,Syria,,7,1645.0,4,2
9F15F9,Academic,Logistics,Full Time,United Arab Emirates,2024-01-10,8,2313.0,8,8
6G51B1,Bachelor,Marketing,Part Time,Egypt,,4,1031.0,4,7
8M72B2,Doctor,Training,Contract,Syria,,8,666.0,5,3
8K14Z1,Academic,Logistics,Full Time,Egypt,,4,2001.0,7,1
6S32I8,Institute,Finance,Full Time,United Arab Emirates,2022-01-22,2,2289.0,8,13
3K61G8,Academic,Finance,Full Time,Saudi Arabia,2024-01-10,7,1723.0,10,4
5N79U1,Bachelor,Training,Contract,Syria,,5,855.0,2,1
5E95J3,Institute,Protection,Full Time,Egypt,,0,2386.0,12,8
6U48C6,Doctor,Shelter,Full Time,United Arab Emirates,,7,2269.0,3,13
6H25Z9,Institute,Training,Full Time,United Arab Emirates,2024-01-10,3,1926.0,8,12
6Q67D4,Institute,Shelter,Full Time,United Arab Emirates,2022-01-22,3,1947.0,4,12
2K93I3,Academic,FSL,Contract,Syria,,5,952.0,4,6
7I35U1,Prof,Finance,Contract,United Arab Emirates,,6,764.0,2,1
8P45B5,Academic,Logistics,Full Time,Egypt,2024-01-10,6,1530.0,3,5
3Y66U1,Institute,Shelter,Full Time,Egypt,,2,1573.0,1,1
1F77M2,Academic,Protection,Contract,Saudi Arabia,,6,808.0,5,5
2Q48I4,Prof,Finance,Full Time,United Arab Emirates,,8,2017.0,12,1
1G37A7,Academic,Emeergincy,Contract,Syria,2022-01-22,1,852.0,2,8
3K35P2,Institute,Protection,Contract,United Arab Emirates,,5,888.0,2,1
7K74V2,Academic,Logistics,Full Time,United Arab Emirates,2024-01-10,2,1780.0,13,4
2V31N1,Institute,Finance,Full Time,Egypt,2022-01-22,8,2242.0,7,12
5X28X6,Academic,M&E,Full Time,United Arab Emirates,,6,1965.0,3,2
4H56S5,Academic,NFI,Contract,United Arab Emirates,2024-01-10,6,1000.0,4,2
4N92B3,Doctor,Shelter,Full Time,United Arab Emirates,,7,2114.0,1,14
4P98T3,Institute,Training,Full Time,Saudi Arabia,2022-01-22,1,1839.0,4,4
4X29U7,Prof,IT,Full Time,Syria,,7,2100.0,10,8
5X61B3,Academic,Health,Full Time,Saudi Arabia,,2,2252.0,6,2
5K13O6,Academic,Finance,Full Time,Egypt,,0,1724.0,8,13
6U12N7,Institute,FSL,Full Time,Syria,2024-01-10,2,1872.0,2,14
3T55P8,Academic,NFI,Contract,Egypt,,5,931.0,1,3
5F82R8,Academic,Protection,Full Time,United Arab Emirates,2022-01-22,8,2173.0,1,8
8U56Z9,Doctor,Education,Full Time,United Arab Emirates,,2,2174.0,7,12
6C14T3,Institute,IT,Full Time,United Arab Emirates,,4,2493.0,11,11
5U84O8,Academic,Training,Contract,United Arab Emirates,2024-01-10,2,773.0,3,9
3C97D6,Academic,NFI,Full Time,Saudi Arabia,2022-01-22,7,1975.0,11,13
8X72N7,Doctor,Protection,Full Time,Syria,2024-01-10,7,1940.0,13,5
7Z44L6,Doctor,Finance,Full Time,United Arab Emirates,2022-01-22,1,2292.0,12,4
3B33B9,Institute,Protection,Full Time,United Arab Emirates,,6,1926.0,4,2
7I37V7,Academic,FSL,Full Time,Egypt,2022-01-22,0,2152.0,6,13
4D27H2,Prof,Education,Full Time,Egypt,,3,2436.0,10,14
